{
  "Strengths": "8",
  "Dexterity": "12",
  "Constitution": "18",
  "Intelegence": "10",
  "Wisdom": "16",
  "Charisma": "20",
  "Name": "Example Bard",
  "PlayerClass": "Bard",
  "AC": "11\r\n",
  "Level": "5",
  "ClassIndex": 2,
  "Skills": [
    null,
    false,
    false,
    false,
    false,
    true,
    false,
    false,
    false,
    false,
    false,
    false,
    false,
    false,
    false,
    false,
    false,
    false
  ],
  "Skill_bonus": [
    "0",
    "0",
    "0",
    "0",
    "0",
    "0",
    "0",
    "0",
    "0",
    "0",
    "0",
    "0",
    "0",
    "0",
    "0",
    "0",
    "0",
    "0"
  ],
  "spells": [
    false,
    false,
    false,
    false,
    false,
    false,
    false,
    false,
    false,
    false,
    false,
    false,
    false,
    false,
    false,
    false,
    false,
    false,
    false,
    false,
    false,
    false,
    false,
    false,
    false,
    false,
    false,
    false,
    false,
    false,
    false,
    false,
    false,
    false,
    false,
    false
  ],
  "death_Saves": [
    false,
    false,
    false,
    false,
    false,
    false
  ],
  "Resourse1": "5",
  "Resourse2": "",
  "Resourse3": "",
  "Resourse4": "",
  "Resourse5": "",
  "Resourse6": "",
  "Hitpoints": 48,
  "HitDice": 5
}